o_zone_id,d_zone_id,total_distance_mile,total_distance_km,total_free_flow_travel_time
1,2,4.320,6.951,5.730
1,3,2.230,3.588,2.390
1,4,7.970,12.824,7.060
1,5,9.020,14.513,9.800
1,6,4.950,7.965,4.970
1,7,4.990,8.029,4.690
1,8,7.750,12.470,6.900
1,9,9.600,15.446,8.400
1,10,8.670,13.950,9.310
1,11,7.520,12.100,6.730
1,12,7.710,12.405,8.220
1,13,5.140,8.270,5.980
1,14,6.460,10.394,7.880
1,15,10.070,16.203,9.970
1,16,5.440,8.753,6.750
1,17,8.620,13.870,11.270
1,18,2.640,4.248,2.750
1,19,3.030,4.875,3.060
1,20,4.130,6.645,4.580
1,21,7.150,11.504,8.680
1,22,5.100,8.206,5.160
1,23,10.910,17.554,12.070
1,24,11.770,18.938,12.640
1,25,11.720,18.857,10.750
1,26,8.310,13.371,7.350
1,27,9.420,15.157,9.570
1,28,5.240,8.431,7.520
1,29,12.470,20.064,13.070
1,30,12.520,20.145,11.030
1,31,8.230,13.242,7.720
1,32,9.850,15.849,10.630
1,33,10.550,16.975,10.740
1,34,12.720,20.466,11.360
1,35,13.140,21.142,11.750
1,36,5.870,9.445,5.920
1,37,5.460,8.785,5.480
1,38,10.720,17.248,11.820
1,39,9.770,15.720,10.310
1,40,9.550,15.366,10.200
1,41,8.550,13.757,8.660
1,42,9.990,16.074,10.650
1,43,11.700,18.825,10.430
1,44,8.240,13.258,7.730
2,1,4.320,6.951,5.730
2,3,1.510,2.430,1.620
2,4,10.370,16.685,10.670
2,5,7.310,11.762,10.960
2,6,7.350,11.826,8.580
2,7,7.390,11.891,8.300
2,8,10.150,16.331,10.510
2,9,7.290,11.730,9.080
2,10,7.380,11.874,11.140
2,11,5.380,8.656,7.670
2,12,6.410,10.314,9.840
2,13,4.570,7.353,6.050
2,14,4.160,6.693,6.070
2,15,4.390,7.064,6.810
2,16,3.210,5.165,4.740
2,17,5.400,8.689,7.900
2,18,3.050,4.907,4.450
2,19,5.430,8.737,6.670
2,20,3.560,5.728,4.650
2,21,3.930,6.323,5.310
2,22,7.500,12.067,8.770
2,23,8.600,13.837,12.750
2,24,9.200,14.803,14.110
2,25,8.490,13.660,10.980
2,26,6.000,9.654,8.030
2,27,5.270,8.479,8.290
2,28,1.870,3.009,2.260
2,29,9.900,15.929,14.540
2,30,9.290,14.948,11.260
2,31,5.920,9.525,8.400
2,32,7.540,12.132,11.310
2,33,7.320,11.778,10.970
2,34,9.490,15.269,11.590
2,35,9.910,15.945,11.980
2,36,8.270,13.306,9.530
2,37,7.860,12.647,9.090
2,38,13.120,21.110,15.430
2,39,12.170,19.582,13.920
2,40,7.240,11.649,10.880
2,41,10.950,17.619,12.270
2,42,6.760,10.877,10.880
2,43,8.470,13.628,10.660
2,44,5.930,9.541,8.410
3,1,2.230,3.588,2.390
3,2,1.510,2.430,1.620
3,4,8.500,13.676,7.570
3,5,6.830,10.989,8.620
3,6,5.480,8.817,5.480
3,7,5.520,8.882,5.200
3,8,8.280,13.323,7.410
3,9,6.810,10.957,6.740
3,10,6.900,11.102,8.800
3,11,4.770,7.675,5.130
3,12,5.930,9.541,7.500
3,13,3.310,5.326,4.650
3,14,4.640,7.466,6.530
3,15,7.280,11.714,8.310
3,16,3.620,5.825,5.400
3,17,6.800,10.941,9.920
3,18,1.790,2.880,3.050
3,19,3.560,5.728,3.570
3,20,2.300,3.701,3.250
3,21,5.330,8.576,7.330
3,22,5.630,9.059,5.670
3,23,8.120,13.065,10.410
3,24,8.720,14.030,11.770
3,25,8.930,14.368,9.090
3,26,5.520,8.882,5.690
3,27,6.630,10.668,7.910
3,28,3.400,5.471,4.950
3,29,9.420,15.157,12.200
3,30,9.730,15.656,9.370
3,31,5.440,8.753,6.060
3,32,7.060,11.360,8.970
3,33,7.760,12.486,9.080
3,34,9.930,15.977,9.700
3,35,10.350,16.653,10.090
3,36,6.400,10.298,6.430
3,37,5.990,9.638,5.990
3,38,11.250,18.101,12.330
3,39,10.300,16.573,10.820
3,40,6.760,10.877,8.540
3,41,9.080,14.610,9.170
3,42,7.180,11.553,8.990
3,43,8.910,14.336,8.770
3,44,5.450,8.769,6.070
4,1,12.120,19.501,14.400
4,2,11.590,18.648,13.340
4,3,11.120,17.892,11.030
4,5,3.990,6.420,5.630
4,6,4.190,6.742,6.030
4,7,5.960,9.590,5.800
4,8,3.150,5.068,4.460
4,9,9.570,15.398,8.810
4,10,3.640,5.857,5.140
4,11,7.490,12.051,7.140
4,12,7.680,12.357,8.630
4,13,8.370,13.467,9.020
4,14,9.470,15.237,9.950
4,15,10.040,16.154,10.380
4,16,9.470,15.237,10.550
4,17,11.510,18.520,12.780
4,18,10.220,16.444,10.070
4,19,8.010,12.888,9.730
4,20,9.360,15.060,10.400
4,21,12.080,19.437,13.020
4,22,6.490,10.442,6.740
4,23,6.010,9.670,6.930
4,24,5.690,9.155,7.160
4,25,6.780,10.909,9.560
4,26,8.280,13.323,7.760
4,27,9.390,15.109,9.980
4,28,12.250,19.710,13.810
4,29,6.390,10.282,7.590
4,30,7.620,12.261,9.570
4,31,8.200,13.194,8.130
4,32,4.920,7.916,7.240
4,33,5.730,9.220,8.200
4,34,6.540,10.523,9.260
4,35,6.960,11.199,9.650
4,36,5.020,8.077,6.780
4,37,4.610,7.417,6.340
4,38,4.640,7.466,6.340
4,39,3.690,5.937,4.830
4,40,4.620,7.434,6.810
4,41,2.470,3.974,3.180
4,42,7.070,11.376,10.960
4,43,7.770,12.502,10.550
4,44,8.210,13.210,8.140
5,1,9.030,14.529,13.060
5,2,7.300,11.746,11.000
5,3,6.810,10.957,8.670
5,4,3.980,6.404,5.630
5,6,5.810,9.348,7.270
5,7,5.610,9.026,6.760
5,8,4.070,6.549,6.030
5,9,5.280,8.496,6.470
5,10,0.520,0.837,0.640
5,11,3.200,5.149,4.800
5,12,3.130,5.036,5.230
5,13,5.280,8.496,7.680
5,14,5.180,8.335,7.610
5,15,5.790,9.316,7.760
5,16,5.180,8.335,8.210
5,17,7.270,11.697,10.190
5,18,5.920,9.525,7.700
5,19,5.770,9.284,8.540
5,20,6.270,10.088,9.060
5,21,7.840,12.615,10.430
5,22,5.460,8.785,7.420
5,23,1.970,3.170,2.950
5,24,2.610,4.199,3.220
5,25,3.140,5.052,4.550
5,26,3.990,6.420,5.420
5,27,5.100,8.206,7.640
5,28,7.960,12.808,11.470
5,29,3.310,5.326,3.650
5,30,3.540,5.696,5.560
5,31,2.770,4.457,4.120
5,32,1.370,2.204,2.090
5,33,2.090,3.363,3.190
5,34,3.470,5.583,5.010
5,35,3.890,6.259,5.400
5,36,5.000,8.045,6.380
5,37,4.590,7.385,5.940
5,38,4.180,6.726,4.980
5,39,3.650,5.873,3.660
5,40,1.070,1.722,1.660
5,41,2.610,4.199,3.610
5,42,3.580,5.760,5.950
5,43,4.160,6.693,5.620
5,44,2.780,4.473,4.130
6,1,7.610,12.244,10.360
6,2,7.010,11.279,9.510
6,3,5.750,9.252,8.110
6,4,4.850,7.804,4.600
6,5,5.160,8.302,7.320
6,7,1.690,2.719,1.990
6,8,1.520,2.446,1.960
6,9,6.480,10.426,5.940
6,10,4.810,7.739,6.830
6,11,4.400,7.080,4.270
6,12,3.810,6.130,5.760
6,13,3.860,6.211,4.980
6,14,5.170,8.319,6.900
6,15,6.950,11.183,7.510
6,16,5.170,8.319,7.500
6,17,8.420,13.548,9.910
6,18,7.130,11.472,7.200
6,19,3.500,5.631,5.690
6,20,4.850,7.804,6.360
6,21,8.990,14.465,10.150
6,22,1.980,3.186,2.700
6,23,7.790,12.534,9.610
6,24,7.720,12.421,10.110
6,25,8.600,13.837,8.290
6,26,5.190,8.351,4.890
6,27,6.300,10.137,7.110
6,28,7.920,12.743,10.760
6,29,8.420,13.548,10.540
6,30,9.400,15.125,8.570
6,31,5.110,8.222,5.260
6,32,6.730,10.829,8.170
6,33,7.430,11.955,8.280
6,34,9.600,15.446,8.900
6,35,10.020,16.122,9.290
6,36,2.750,4.425,3.460
6,37,2.340,3.765,3.020
6,38,6.670,10.732,9.290
6,39,5.720,9.203,7.780
6,40,6.430,10.346,7.740
6,41,4.500,7.240,6.130
6,42,6.870,11.054,8.190
6,43,8.580,13.805,7.970
6,44,5.120,8.238,5.270
7,1,9.190,14.787,11.310
7,2,8.260,13.290,9.910
7,3,7.790,12.534,7.600
7,4,4.610,7.417,4.040
7,5,5.660,9.107,6.780
7,6,5.080,8.174,5.600
7,8,4.390,7.064,3.880
7,9,6.240,10.040,5.380
7,10,5.310,8.544,6.290
7,11,4.160,6.693,3.710
7,12,4.350,6.999,5.200
7,13,5.440,8.753,5.930
7,14,6.140,9.879,6.520
7,15,6.710,10.796,6.950
7,16,6.140,9.879,7.120
7,17,8.180,13.162,9.350
7,18,6.890,11.086,6.640
7,19,5.930,9.541,6.790
7,20,6.430,10.346,7.310
7,21,8.750,14.079,9.590
7,22,5.740,9.236,5.870
7,23,7.550,12.148,9.050
7,24,8.410,13.532,9.620
7,25,8.360,13.451,7.730
7,26,4.950,7.965,4.330
7,27,6.060,9.751,6.550
7,28,8.920,14.352,10.380
7,29,9.110,14.658,10.050
7,30,9.160,14.738,8.010
7,31,4.870,7.836,4.700
7,32,6.490,10.442,7.610
7,33,7.190,11.569,7.720
7,34,9.360,15.060,8.340
7,35,9.780,15.736,8.730
7,36,5.280,8.496,4.830
7,37,4.870,7.836,4.390
7,38,7.360,11.842,8.800
7,39,6.410,10.314,7.290
7,40,6.190,9.960,7.180
7,41,5.190,8.351,5.640
7,42,6.630,10.668,7.630
7,43,8.340,13.419,7.410
7,44,4.880,7.852,4.710
8,1,9.930,15.977,12.090
8,2,9.500,15.285,11.200
8,3,9.030,14.529,8.890
8,4,3.200,5.149,4.470
8,5,4.190,6.742,6.000
8,6,1.520,2.446,1.960
8,7,3.770,6.066,3.490
8,9,7.480,12.035,6.670
8,10,3.840,6.179,5.510
8,11,5.400,8.689,5.000
8,12,4.070,6.549,6.340
8,13,6.180,9.944,6.710
8,14,7.380,11.874,7.810
8,15,7.950,12.792,8.240
8,16,7.380,11.874,8.410
8,17,9.420,15.157,10.640
8,18,8.130,13.081,7.930
8,19,5.820,9.364,7.420
8,20,7.170,11.537,8.090
8,21,9.990,16.074,10.880
8,22,4.300,6.919,4.430
8,23,6.940,11.166,8.560
8,24,6.620,10.652,8.790
8,25,9.600,15.446,9.020
8,26,6.190,9.960,5.620
8,27,7.300,11.746,7.840
8,28,10.160,16.347,11.670
8,29,7.320,11.778,9.220
8,30,10.400,16.734,9.300
8,31,6.110,9.831,5.990
8,32,5.010,8.061,7.410
8,33,5.760,9.268,8.040
8,34,10.600,17.055,9.630
8,35,11.020,17.731,10.020
8,36,3.300,5.310,4.250
8,37,2.890,4.650,3.810
8,38,5.570,8.962,7.970
8,39,4.620,7.434,6.460
8,40,4.710,7.578,6.980
8,41,3.400,5.471,4.810
8,42,7.850,12.631,8.920
8,43,9.580,15.414,8.700
8,44,6.120,9.847,6.000
9,1,8.940,14.384,11.900
9,2,5.260,8.463,6.670
9,3,7.070,11.376,7.100
9,4,8.320,13.387,7.230
9,5,5.390,8.673,6.520
9,6,6.740,10.845,6.210
9,7,6.540,10.523,5.700
9,8,8.100,13.033,7.070
9,10,5.460,8.785,6.700
9,11,3.460,5.567,3.230
9,12,4.490,7.224,5.400
9,13,6.210,9.992,6.620
9,14,3.510,5.648,5.090
9,15,1.280,2.060,1.400
9,16,3.510,5.648,5.690
9,17,2.760,4.441,3.830
9,18,6.180,9.944,6.130
9,19,6.700,10.780,7.480
9,20,6.180,9.944,7.900
9,21,3.330,5.358,4.070
9,22,6.390,10.282,6.360
9,23,5.630,9.059,6.510
9,24,7.320,11.778,9.440
9,25,3.270,5.261,3.520
9,26,4.250,6.838,3.850
9,27,1.430,2.301,2.310
9,28,5.270,8.479,6.960
9,29,8.020,12.904,9.870
9,30,4.070,6.549,3.800
9,31,4.000,6.436,3.960
9,32,4.640,7.466,5.520
9,33,4.370,7.031,4.870
9,34,4.270,6.870,4.130
9,35,4.690,7.546,4.520
9,36,5.930,9.541,5.320
9,37,5.520,8.882,4.880
9,38,8.740,14.063,11.160
9,39,9.220,14.835,9.860
9,40,4.650,7.482,5.620
9,41,8.050,12.952,8.700
9,42,3.030,4.875,4.850
9,43,2.430,3.910,3.190
9,44,4.010,6.452,3.970
10,1,9.400,15.125,12.730
10,2,7.000,11.263,10.160
10,3,6.510,10.475,7.830
10,4,3.780,6.082,5.330
10,5,0.530,0.853,0.620
10,6,6.180,9.944,6.940
10,7,5.980,9.622,6.430
10,8,3.870,6.227,5.730
10,9,4.980,8.013,5.630
10,11,2.900,4.666,3.960
10,12,2.960,4.763,4.720
10,13,5.650,9.091,7.350
10,14,4.880,7.852,6.770
10,15,5.490,8.833,6.920
10,16,4.880,7.852,7.370
10,17,6.970,11.215,9.350
10,18,5.620,9.043,6.860
10,19,6.140,9.879,8.210
10,20,6.640,10.684,8.730
10,21,7.540,12.132,9.590
10,22,5.830,9.380,7.090
10,23,3.320,5.342,3.410
10,24,3.000,4.827,3.640
10,25,3.230,5.197,4.690
10,26,3.690,5.937,4.580
10,27,4.800,7.723,6.800
10,28,7.660,12.325,10.630
10,29,3.700,5.953,4.070
10,30,4.680,7.530,5.380
10,31,2.470,3.974,3.280
10,32,1.460,2.349,2.230
10,33,2.180,3.508,3.330
10,34,4.880,7.852,5.710
10,35,5.300,8.528,6.100
10,36,5.370,8.640,6.050
10,37,4.960,7.981,5.610
10,38,3.570,5.744,5.330
10,39,4.040,6.500,4.090
10,40,1.160,1.866,1.800
10,41,2.410,3.878,3.310
10,42,3.280,5.278,5.110
10,43,3.860,6.211,4.780
10,44,2.480,3.990,3.290
11,1,7.550,12.148,10.120
11,2,5.220,8.399,7.400
11,3,4.750,7.643,5.090
11,4,6.150,9.895,5.460
11,5,3.220,5.181,4.750
11,6,4.570,7.353,4.440
11,7,4.370,7.031,3.930
11,8,5.930,9.541,5.300
11,9,3.200,5.149,2.870
11,10,3.290,5.294,4.930
11,12,2.320,3.733,3.630
11,13,3.790,6.098,4.770
11,14,3.100,4.988,4.010
11,15,3.670,5.905,4.440
11,16,3.100,4.988,4.610
11,17,5.140,8.270,6.840
11,18,3.850,6.195,4.130
11,19,4.280,6.887,5.630
11,20,4.790,7.707,6.120
11,21,5.710,9.187,7.080
11,22,4.220,6.790,4.590
11,23,4.510,7.257,6.540
11,24,5.110,8.222,7.900
11,25,5.320,8.560,5.220
11,26,1.910,3.073,1.820
11,27,3.020,4.859,4.040
11,28,5.880,9.461,7.870
11,29,5.810,9.348,8.330
11,30,6.120,9.847,5.500
11,31,1.830,2.944,2.190
11,32,3.450,5.551,5.100
11,33,4.150,6.677,5.210
11,34,6.320,10.169,5.830
11,35,6.740,10.845,6.220
11,36,3.760,6.050,3.550
11,37,3.350,5.390,3.110
11,38,6.570,10.571,9.390
11,39,7.100,11.424,8.580
11,40,3.150,5.068,4.670
11,41,5.880,9.461,6.930
11,42,3.570,5.744,5.120
11,43,5.300,8.528,4.900
11,44,1.840,2.961,2.200
12,1,7.660,12.325,10.650
12,2,6.730,10.829,9.250
12,3,6.260,10.072,6.940
12,4,6.020,9.686,5.880
12,5,3.070,4.940,4.400
12,6,3.240,5.213,4.250
12,7,4.240,6.822,4.350
12,8,3.500,5.632,4.830
12,9,4.710,7.578,4.720
12,10,2.720,4.376,3.910
12,11,2.630,4.232,3.050
12,13,3.910,6.291,5.270
12,14,4.610,7.417,5.860
12,15,5.180,8.335,6.290
12,16,4.610,7.417,6.460
12,17,6.650,10.700,8.690
12,18,5.360,8.624,5.980
12,19,4.400,7.080,6.130
12,20,4.900,7.884,6.650
12,21,7.220,11.617,8.930
12,22,3.490,5.615,4.810
12,23,4.950,7.965,7.250
12,24,5.550,8.930,8.610
12,25,6.830,10.989,7.070
12,26,3.420,5.503,3.670
12,27,4.530,7.289,5.890
12,28,7.390,11.891,9.720
12,29,6.250,10.056,9.040
12,30,7.630,12.277,7.350
12,31,1.890,3.041,2.940
12,32,3.890,6.259,5.810
12,33,4.640,7.466,6.440
12,34,7.830,12.598,7.680
12,35,8.250,13.274,8.070
12,36,3.030,4.875,3.770
12,37,2.620,4.216,3.330
12,38,5.500,8.849,8.290
12,39,4.850,7.804,7.860
12,40,3.590,5.776,5.380
12,41,4.490,7.224,6.230
12,42,3.670,5.905,6.650
12,43,6.810,10.957,6.750
12,44,1.900,3.057,2.950
13,1,5.170,8.319,6.900
13,2,4.570,7.353,6.050
13,3,3.310,5.326,4.650
13,4,6.880,11.070,7.130
13,5,5.380,8.656,7.690
13,6,3.860,6.211,5.040
13,7,3.900,6.275,4.760
13,8,6.660,10.716,6.970
13,9,5.960,9.590,6.290
13,10,5.030,8.093,7.200
13,11,3.880,6.243,4.620
13,12,4.070,6.549,6.110
13,14,2.730,4.393,3.440
13,15,3.910,6.291,5.760
13,16,2.730,4.393,4.040
13,17,4.920,7.916,6.850
13,18,2.960,4.763,4.280
13,19,1.910,3.073,2.380
13,20,2.410,3.878,2.900
13,21,5.430,8.737,7.000
13,22,3.560,5.728,4.600
13,23,7.270,11.697,9.960
13,24,7.870,12.663,11.320
13,25,8.080,13.001,8.640
13,26,4.670,7.514,5.240
13,27,4.850,7.804,6.960
13,28,5.480,8.817,7.300
13,29,8.570,13.789,11.750
13,30,8.880,14.288,8.920
13,31,4.590,7.385,5.610
13,32,6.210,9.992,8.520
13,33,6.910,11.118,8.630
13,34,9.080,14.610,9.250
13,35,9.500,15.285,9.640
13,36,4.330,6.967,5.360
13,37,3.920,6.307,4.920
13,38,7.810,12.566,11.580
13,39,8.680,13.966,10.380
13,40,5.910,9.509,8.090
13,41,7.460,12.003,8.730
13,42,6.350,10.217,8.540
13,43,8.060,12.969,8.320
13,44,4.600,7.401,5.620
14,1,6.490,10.442,8.790
14,2,4.160,6.693,6.070
14,3,4.640,7.466,6.530
14,4,8.120,13.065,8.280
14,5,5.190,8.351,7.570
14,6,5.170,8.319,6.960
14,7,5.210,8.383,6.680
14,8,7.900,12.711,8.120
14,9,5.170,8.319,5.690
14,10,5.260,8.463,7.750
14,11,3.260,5.245,4.280
14,12,4.290,6.903,6.450
14,13,2.730,4.393,3.440
14,15,2.200,3.540,3.420
14,16,1.020,1.641,1.700
14,17,3.210,5.165,4.510
14,18,4.280,6.887,6.170
14,19,3.220,5.181,4.300
14,20,3.730,6.002,4.790
14,21,3.780,6.082,4.750
14,22,4.870,7.836,6.520
14,23,6.480,10.426,9.360
14,24,7.080,11.392,10.720
14,25,6.300,10.137,7.590
14,26,3.880,6.243,4.640
14,27,3.080,4.956,4.900
14,28,3.840,6.179,5.450
14,29,7.780,12.518,11.150
14,30,7.100,11.424,7.870
14,31,3.800,6.114,5.010
14,32,5.420,8.721,7.920
14,33,5.130,8.254,7.580
14,34,7.300,11.746,8.200
14,35,7.720,12.421,8.590
14,36,5.730,9.220,6.370
14,37,5.320,8.560,5.930
14,38,8.540,13.741,12.210
14,39,9.070,14.594,11.400
14,40,5.120,8.238,7.490
14,41,7.850,12.631,9.750
14,42,4.570,7.353,7.490
14,43,6.280,10.105,7.270
14,44,3.810,6.130,5.020
15,1,8.160,13.129,10.430
15,2,4.480,7.208,5.200
15,3,6.310,10.153,8.170
15,4,8.660,13.934,9.370
15,5,5.730,9.220,8.660
15,6,7.080,11.392,8.350
15,7,6.880,11.070,7.840
15,8,8.440,13.580,9.210
15,9,4.230,6.806,5.750
15,10,5.800,9.332,8.840
15,11,3.800,6.114,5.370
15,12,4.830,7.771,7.540
15,13,3.910,6.291,5.760
15,14,2.200,3.540,3.420
15,16,2.200,3.540,4.020
15,17,2.140,3.443,2.580
15,18,5.950,9.574,7.810
15,19,4.400,7.080,6.620
15,20,5.400,8.689,6.430
15,21,2.550,4.103,2.600
15,22,6.730,10.829,8.500
15,23,5.920,9.525,9.490
15,24,7.620,12.261,11.810
15,25,5.850,9.413,7.530
15,26,4.590,7.385,5.990
15,27,1.570,2.526,3.270
15,28,4.490,7.224,5.490
15,29,8.320,13.387,12.240
15,30,6.650,10.700,7.810
15,31,4.340,6.983,6.100
15,32,4.950,7.965,8.170
15,33,4.680,7.530,7.520
15,34,6.850,11.022,8.140
15,35,7.270,11.697,8.530
15,36,6.270,10.088,7.460
15,37,5.860,9.429,7.020
15,38,9.080,14.610,13.300
15,39,9.610,15.462,12.490
15,40,4.960,7.981,8.270
15,41,8.390,13.500,10.840
15,42,4.120,6.629,7.430
15,43,5.830,9.380,7.210
15,44,4.350,6.999,6.110
16,1,5.470,8.801,7.660
16,2,3.180,5.117,4.740
16,3,3.620,5.825,5.400
16,4,8.120,13.065,8.880
16,5,5.190,8.351,8.170
16,6,5.170,8.319,7.560
16,7,5.210,8.383,7.280
16,8,7.900,12.711,8.720
16,9,5.170,8.319,6.290
16,10,5.260,8.463,8.350
16,11,3.260,5.245,4.880
16,12,4.290,6.903,7.050
16,13,2.730,4.393,4.040
16,14,1.020,1.641,1.700
16,15,2.200,3.540,4.020
16,17,3.210,5.165,5.110
16,18,3.260,5.245,5.040
16,19,3.220,5.181,4.900
16,20,2.710,4.360,3.660
16,21,2.750,4.425,3.770
16,22,4.870,7.836,7.120
16,23,6.480,10.426,9.960
16,24,7.080,11.392,11.320
16,25,6.300,10.137,8.190
16,26,3.880,6.243,5.240
16,27,3.080,4.956,5.500
16,28,2.790,4.489,4.080
16,29,7.780,12.518,11.750
16,30,7.100,11.424,8.470
16,31,3.800,6.114,5.610
16,32,5.420,8.721,8.520
16,33,5.130,8.254,8.180
16,34,7.300,11.746,8.800
16,35,7.720,12.421,9.190
16,36,5.730,9.220,6.970
16,37,5.320,8.560,6.530
16,38,8.540,13.741,12.810
16,39,9.070,14.594,12.000
16,40,5.120,8.238,8.090
16,41,7.850,12.631,10.350
16,42,4.570,7.353,8.090
16,43,6.280,10.105,7.870
16,44,3.810,6.130,5.620
17,1,7.210,11.601,9.590
17,2,3.530,5.680,4.360
17,3,5.360,8.624,7.330
17,4,10.880,17.506,11.840
17,5,7.950,12.792,11.130
17,6,8.150,13.113,9.830
17,7,8.190,13.178,9.550
17,8,10.660,17.152,11.680
17,9,6.440,10.362,8.230
17,10,8.020,12.904,11.310
17,11,6.020,9.686,7.840
17,12,7.050,11.343,10.010
17,13,5.460,8.785,6.990
17,14,3.800,6.114,5.140
17,15,3.960,6.372,5.840
17,16,2.780,4.473,3.770
17,18,5.000,8.045,6.970
17,19,5.950,9.574,7.850
17,20,4.450,7.160,5.590
17,21,1.600,2.574,1.760
17,22,8.300,13.355,10.020
17,23,8.130,13.081,11.970
17,24,9.840,15.833,14.280
17,25,8.060,12.969,10.010
17,26,6.640,10.684,8.200
17,27,4.840,7.788,7.320
17,28,3.540,5.696,4.650
17,29,10.540,16.959,14.710
17,30,8.860,14.256,10.290
17,31,6.560,10.555,8.570
17,32,7.160,11.520,10.650
17,33,6.890,11.086,10.000
17,34,9.060,14.578,10.620
17,35,9.480,15.253,11.010
17,36,8.490,13.660,9.930
17,37,8.080,13.001,9.490
17,38,11.300,18.182,15.770
17,39,11.830,19.034,14.960
17,40,7.170,11.537,10.750
17,41,10.610,17.071,13.310
17,42,6.310,10.153,9.910
17,43,8.040,12.936,9.690
17,44,6.570,10.571,8.580
18,1,2.680,4.312,4.100
18,2,3.050,4.907,4.450
18,3,1.790,2.880,3.050
18,4,7.440,11.971,6.760
18,5,5.930,9.541,7.660
18,6,4.420,7.112,4.670
18,7,4.460,7.176,4.390
18,8,7.220,11.617,6.600
18,9,5.910,9.509,5.780
18,10,6.000,9.654,7.840
18,11,3.880,6.243,4.160
18,12,5.030,8.093,6.540
18,13,2.960,4.763,4.270
18,14,4.280,6.887,6.170
18,15,6.380,10.265,7.350
18,16,3.260,5.245,5.040
18,17,6.440,10.362,9.560
18,19,2.500,4.022,2.760
18,20,1.950,3.138,2.870
18,21,4.970,7.997,6.970
18,22,4.570,7.353,4.860
18,23,7.220,11.617,9.450
18,24,7.820,12.582,10.810
18,25,8.030,12.920,8.130
18,26,4.620,7.434,4.730
18,27,5.730,9.220,6.950
18,28,3.970,6.388,6.240
18,29,8.520,13.709,11.240
18,30,8.830,14.207,8.410
18,31,4.540,7.305,5.100
18,32,6.160,9.911,8.010
18,33,6.860,11.038,8.120
18,34,9.030,14.529,8.740
18,35,9.450,15.205,9.130
18,36,5.340,8.592,5.620
18,37,4.930,7.932,5.180
18,38,10.190,16.396,11.520
18,39,9.240,14.867,10.010
18,40,5.860,9.429,7.580
18,41,8.020,12.904,8.360
18,42,6.300,10.137,8.030
18,43,8.010,12.888,7.810
18,44,4.550,7.321,5.110
19,1,3.680,5.921,5.260
19,2,5.060,8.142,6.910
19,3,3.800,6.114,5.510
19,4,7.640,12.293,7.590
19,5,5.870,9.445,8.550
19,6,4.620,7.434,5.500
19,7,4.660,7.498,5.220
19,8,7.420,11.939,7.430
19,9,6.450,10.378,7.150
19,10,5.520,8.882,8.060
19,11,4.370,7.031,5.480
19,12,4.560,7.337,6.970
19,13,1.910,3.073,2.380
19,14,3.220,5.181,4.300
19,15,4.400,7.080,6.620
19,16,3.220,5.181,4.900
19,17,5.410,8.705,7.710
19,18,3.240,5.213,3.290
19,20,2.900,4.666,3.760
19,21,5.950,9.574,7.860
19,22,3.200,5.149,5.310
19,23,7.760,12.486,10.820
19,24,8.360,13.451,12.180
19,25,8.570,13.789,9.500
19,26,5.160,8.302,6.100
19,27,5.340,8.592,7.820
19,28,6.000,9.654,8.160
19,29,9.060,14.578,12.610
19,30,9.370,15.076,9.780
19,31,5.080,8.174,6.470
19,32,6.700,10.780,9.380
19,33,7.400,11.907,9.490
19,34,9.570,15.398,10.110
19,35,9.990,16.074,10.500
19,36,3.970,6.388,6.070
19,37,3.560,5.728,5.630
19,38,10.390,16.718,12.350
19,39,9.440,15.189,10.840
19,40,6.400,10.298,8.950
19,41,8.220,13.226,9.190
19,42,6.820,10.973,9.400
19,43,8.550,13.757,9.180
19,44,5.090,8.190,6.480
20,1,4.160,6.693,5.500
20,2,3.560,5.728,4.650
20,3,2.300,3.701,3.250
20,4,8.120,13.065,7.830
20,5,6.370,10.249,9.070
20,6,5.100,8.206,5.740
20,7,5.140,8.270,5.460
20,8,7.900,12.711,7.670
20,9,6.950,11.183,7.670
20,10,6.020,9.686,8.580
20,11,4.870,7.836,6.000
20,12,5.060,8.142,7.490
20,13,2.410,3.878,2.900
20,14,3.730,6.002,4.800
20,15,4.880,7.852,7.100
20,16,2.710,4.360,3.670
20,17,5.890,9.477,8.190
20,18,1.950,3.138,2.880
20,19,2.900,4.666,3.760
20,21,4.420,7.112,5.600
20,22,5.250,8.447,5.930
20,23,8.260,13.290,11.340
20,24,8.860,14.256,12.700
20,25,9.070,14.594,10.020
20,26,5.660,9.107,6.620
20,27,5.850,9.413,8.320
20,28,4.470,7.192,5.900
20,29,9.560,15.382,13.130
20,30,9.870,15.881,10.300
20,31,5.580,8.978,6.990
20,32,7.200,11.585,9.900
20,33,7.900,12.711,10.010
20,34,10.070,16.203,10.630
20,35,10.490,16.878,11.020
20,36,6.020,9.686,6.690
20,37,5.610,9.026,6.250
20,38,10.870,17.490,12.590
20,39,9.920,15.961,11.080
20,40,6.900,11.102,9.470
20,41,8.700,13.998,9.430
20,42,7.320,11.778,9.920
20,43,9.050,14.561,9.700
20,44,5.590,8.994,7.000
21,1,6.190,9.960,9.060
21,2,2.470,3.974,2.660
21,3,4.350,6.999,6.490
21,4,11.850,19.067,13.680
21,5,8.920,14.352,12.970
21,6,9.120,14.674,11.670
21,7,9.160,14.738,11.390
21,8,11.630,18.713,13.520
21,9,7.430,11.955,10.080
21,10,8.990,14.465,13.150
21,11,6.990,11.247,9.680
21,12,8.020,12.904,11.850
21,13,6.430,10.346,8.830
21,14,4.790,7.707,6.990
21,15,4.950,7.965,7.690
21,16,3.770,6.066,5.620
21,17,2.030,3.266,2.030
21,18,4.920,7.916,7.780
21,19,6.920,11.134,9.690
21,20,5.420,8.721,7.430
21,22,9.270,14.915,11.860
21,23,9.120,14.674,13.820
21,24,10.810,17.393,16.120
21,25,9.050,14.561,11.860
21,26,7.610,12.244,10.040
21,27,5.830,9.380,9.170
21,28,2.530,4.071,3.300
21,29,11.510,18.520,16.550
21,30,9.850,15.849,12.140
21,31,7.530,12.116,10.410
21,32,8.150,13.113,12.500
21,33,7.880,12.679,11.850
21,34,10.050,16.170,12.470
21,35,10.470,16.846,12.860
21,36,9.460,15.221,11.770
21,37,9.050,14.561,11.330
21,38,12.270,19.742,17.610
21,39,12.800,20.595,16.800
21,40,8.160,13.129,12.600
21,41,11.580,18.632,15.150
21,42,7.320,11.778,11.760
21,43,9.030,14.529,11.540
21,44,7.540,12.132,10.420
22,1,7.310,11.762,9.980
22,2,6.710,10.796,9.130
22,3,5.450,8.769,7.730
22,4,5.000,8.045,4.850
22,5,5.490,8.833,7.400
22,6,1.980,3.186,2.760
22,7,2.020,3.250,2.480
22,8,4.780,7.691,4.690
22,9,6.070,9.767,6.000
22,10,5.140,8.270,6.910
22,11,3.990,6.420,4.330
22,12,4.180,6.726,5.820
22,13,3.560,5.728,4.600
22,14,4.870,7.836,6.520
22,15,6.540,10.523,7.570
22,16,4.870,7.836,7.120
22,17,7.060,11.360,9.930
22,18,6.720,10.812,7.260
22,19,3.200,5.149,5.310
22,20,4.550,7.321,5.980
22,21,7.570,12.180,10.080
22,23,7.380,11.874,9.670
22,24,8.800,14.159,10.430
22,25,8.190,13.178,8.350
22,26,4.780,7.691,4.950
22,27,5.890,9.477,7.170
22,28,7.620,12.261,10.380
22,29,9.500,15.285,10.860
22,30,8.990,14.465,8.630
22,31,4.700,7.562,5.320
22,32,6.320,10.169,8.230
22,33,7.020,11.295,8.340
22,34,9.190,14.787,8.960
22,35,9.610,15.462,9.350
22,36,2.450,3.942,3.080
22,37,2.040,3.282,2.640
22,38,7.750,12.470,9.610
22,39,6.800,10.941,8.100
22,40,6.020,9.686,7.800
22,41,5.580,8.978,6.450
22,42,6.460,10.394,8.250
22,43,8.170,13.146,8.030
22,44,4.710,7.578,5.330
23,1,13.380,21.528,15.070
23,2,9.600,15.446,11.390
23,3,10.490,16.878,10.170
23,4,5.750,9.252,6.680
23,5,2.540,4.087,2.590
23,6,10.160,16.347,9.280
23,7,9.960,16.026,8.770
23,8,6.630,10.668,8.300
23,9,5.180,8.335,4.930
23,10,2.930,4.714,3.020
23,11,6.880,11.070,6.300
23,12,4.590,7.385,7.330
23,13,9.630,15.495,9.690
23,14,7.860,12.647,8.670
23,15,5.620,9.043,6.120
23,16,7.860,12.647,9.270
23,17,7.100,11.424,8.550
23,18,9.600,15.446,9.200
23,19,10.120,16.283,10.550
23,20,10.620,17.088,11.070
23,21,7.670,12.341,8.790
23,22,9.810,15.784,9.430
23,24,1.820,2.928,2.450
23,25,4.010,6.452,4.330
23,26,7.670,12.341,6.920
23,27,5.770,9.284,7.030
23,28,9.660,15.543,11.400
23,29,2.520,4.055,2.880
23,30,2.210,3.556,3.260
23,31,4.100,6.597,5.890
23,32,1.690,2.719,2.680
23,33,2.330,3.749,3.150
23,34,2.760,4.441,2.720
23,35,3.180,5.117,3.110
23,36,9.350,15.044,8.390
23,37,8.940,14.384,7.950
23,38,3.710,5.969,4.420
23,39,3.830,6.162,3.730
23,40,1.700,2.735,2.780
23,41,3.690,5.937,5.250
23,42,4.320,6.951,5.640
23,43,3.990,6.420,4.010
23,44,4.110,6.613,5.900
24,1,11.580,18.632,16.650
24,2,9.180,14.771,14.080
24,3,8.690,13.982,11.750
24,4,5.770,9.284,7.220
24,5,2.560,4.119,3.130
24,6,7.800,12.550,10.160
24,7,8.700,13.998,10.230
24,8,6.650,10.700,8.840
24,9,7.220,11.617,8.700
24,10,2.950,4.747,3.560
24,11,5.080,8.174,7.880
24,12,5.140,8.270,8.640
24,13,7.830,12.598,11.270
24,14,7.060,11.360,10.690
24,15,7.660,12.325,9.890
24,16,7.060,11.360,11.290
24,17,9.140,14.706,12.320
24,18,7.800,12.550,10.780
24,19,8.320,13.387,12.130
24,20,8.820,14.191,12.650
24,21,9.710,15.623,12.560
24,22,8.050,12.952,10.720
24,23,2.260,3.636,2.900
24,25,5.040,8.109,6.790
24,26,5.870,9.445,8.500
24,27,6.930,11.150,10.670
24,28,9.840,15.833,14.550
24,29,2.540,4.087,3.370
24,30,3.870,6.227,5.540
24,31,4.650,7.482,7.200
24,32,3.250,5.229,5.170
24,33,3.990,6.420,5.430
24,34,4.800,7.723,6.490
24,35,5.220,8.399,6.880
24,36,7.590,12.212,9.680
24,37,7.180,11.553,9.240
24,38,3.210,5.165,4.320
24,39,3.850,6.195,4.270
24,40,2.950,4.747,4.740
24,41,4.970,7.997,6.060
24,42,5.410,8.705,8.440
24,43,6.030,9.702,7.780
24,44,4.660,7.498,7.210
25,1,11.380,18.310,13.310
25,2,7.600,12.228,9.630
25,3,8.490,13.660,8.410
25,4,9.740,15.672,8.540
25,5,3.160,5.084,5.140
25,6,8.160,13.129,7.520
25,7,7.960,12.808,7.010
25,8,9.520,15.318,8.380
25,9,3.180,5.117,3.170
25,10,3.230,5.197,5.320
25,11,4.880,7.852,4.540
25,12,5.910,9.509,6.710
25,13,7.630,12.277,7.930
25,14,5.860,9.429,6.910
25,15,3.620,5.825,4.360
25,16,5.860,9.429,7.510
25,17,5.100,8.206,6.790
25,18,7.600,12.228,7.440
25,19,8.120,13.065,8.790
25,20,8.620,13.870,9.310
25,21,5.670,9.123,7.030
25,22,7.810,12.566,7.670
25,23,3.380,5.438,4.940
25,24,5.070,8.158,7.870
25,26,5.670,9.123,5.160
25,27,3.770,6.066,5.270
25,28,7.660,12.325,9.640
25,29,5.770,9.284,8.300
25,30,2.570,4.135,2.540
25,31,5.420,8.721,5.270
25,32,2.410,3.878,3.840
25,33,2.160,3.475,3.230
25,34,2.020,3.250,2.560
25,35,2.440,3.926,2.950
25,36,7.350,11.826,6.630
25,37,6.940,11.166,6.190
25,38,7.500,12.067,9.610
25,39,6.970,11.215,8.290
25,40,2.420,3.894,3.940
25,41,5.430,8.737,8.040
25,42,2.320,3.733,3.850
25,43,1.670,2.687,1.840
25,44,5.430,8.737,5.280
26,1,8.720,14.030,10.930
26,2,5.240,8.431,7.710
26,3,5.830,9.380,6.030
26,4,7.080,11.392,6.160
26,5,4.150,6.677,5.450
26,6,5.500,8.849,5.140
26,7,5.300,8.528,4.630
26,8,6.860,11.038,6.000
26,9,2.650,4.264,2.540
26,10,4.220,6.790,5.630
26,11,2.220,3.572,2.160
26,12,3.250,5.229,4.330
26,13,4.970,7.997,5.550
26,14,3.050,4.907,4.320
26,15,2.620,4.216,3.540
26,16,3.050,4.907,4.920
26,17,4.090,6.581,5.940
26,18,4.940,7.948,5.060
26,19,5.460,8.785,6.410
26,20,5.960,9.590,6.930
26,21,4.660,7.498,6.180
26,22,5.150,8.286,5.290
26,23,4.340,6.983,6.280
26,24,6.040,9.718,8.600
26,25,4.270,6.870,4.320
26,27,1.970,3.170,3.140
26,28,4.850,7.804,7.050
26,29,6.740,10.845,9.030
26,30,5.070,8.158,4.600
26,31,2.760,4.441,2.890
26,32,3.370,5.422,4.960
26,33,3.100,4.988,4.310
26,34,5.270,8.479,4.930
26,35,5.690,9.155,5.320
26,36,4.690,7.546,4.250
26,37,4.280,6.887,3.810
26,38,7.500,12.067,10.090
26,39,8.030,12.920,9.280
26,40,3.380,5.438,5.060
26,41,6.810,10.957,7.630
26,42,2.520,4.055,4.220
26,43,4.250,6.838,4.000
26,44,2.770,4.457,2.900
27,1,8.610,13.853,12.310
27,2,5.620,9.043,7.760
27,3,6.780,10.909,8.120
27,4,8.030,12.920,8.250
27,5,5.100,8.206,7.540
27,6,6.450,10.378,7.230
27,7,6.250,10.056,6.720
27,8,7.810,12.566,8.090
27,9,3.600,5.792,4.630
27,10,5.170,8.319,7.720
27,11,3.170,5.101,4.250
27,12,4.200,6.758,6.420
27,13,4.850,7.804,6.960
27,14,3.080,4.956,4.900
27,15,1.650,2.655,2.520
27,16,3.080,4.956,5.500
27,17,3.120,5.020,4.920
27,18,5.890,9.477,7.150
27,19,5.340,8.592,7.820
27,20,5.850,9.413,8.310
27,21,3.690,5.937,5.160
27,22,6.100,9.815,7.380
27,23,5.290,8.512,8.370
27,24,6.990,11.247,10.690
27,25,5.220,8.399,6.410
27,26,3.960,6.372,4.870
27,28,4.880,7.852,7.630
27,29,7.690,12.373,11.120
27,30,6.020,9.686,6.690
27,31,3.710,5.969,4.980
27,32,4.320,6.951,7.050
27,33,4.050,6.516,6.400
27,34,6.220,10.008,7.020
27,35,6.640,10.684,7.410
27,36,5.640,9.075,6.340
27,37,5.230,8.415,5.900
27,38,8.450,13.596,12.180
27,39,8.980,14.449,11.370
27,40,4.330,6.967,7.150
27,41,7.760,12.486,9.720
27,42,3.490,5.615,6.310
27,43,5.200,8.367,6.090
27,44,3.720,5.985,4.990
28,1,5.240,8.431,7.520
28,2,1.870,3.009,2.260
28,3,3.400,5.471,4.950
28,4,10.900,17.538,12.140
28,5,7.970,12.824,11.430
28,6,8.170,13.146,10.130
28,7,8.210,13.210,9.850
28,8,10.680,17.184,11.980
28,9,6.480,10.426,8.540
28,10,8.040,12.936,11.610
28,11,6.040,9.718,8.140
28,12,7.070,11.376,10.310
28,13,5.480,8.817,7.290
28,14,3.840,6.179,5.450
28,15,4.000,6.436,6.150
28,16,2.820,4.537,4.080
28,17,5.010,8.061,7.240
28,18,3.970,6.388,6.240
28,19,5.970,9.606,8.150
28,20,4.470,7.192,5.890
28,21,3.540,5.696,4.650
28,22,8.320,13.387,10.320
28,23,8.170,13.146,12.280
28,24,9.860,15.865,14.580
28,25,8.100,13.033,10.320
28,26,6.660,10.716,8.500
28,27,4.880,7.852,7.630
28,29,10.560,16.991,15.010
28,30,8.900,14.320,10.600
28,31,6.580,10.587,8.870
28,32,7.200,11.585,10.960
28,33,6.930,11.150,10.310
28,34,9.100,14.642,10.930
28,35,9.520,15.318,11.320
28,36,8.510,13.693,10.230
28,37,8.100,13.033,9.790
28,38,11.320,18.214,16.070
28,39,11.850,19.067,15.260
28,40,7.210,11.601,11.060
28,41,10.630,17.104,13.610
28,42,6.370,10.249,10.220
28,43,8.080,13.001,10.000
28,44,6.590,10.603,8.880
29,1,12.260,19.726,17.230
29,2,9.860,15.865,14.660
29,3,9.370,15.076,12.330
29,4,6.450,10.378,7.800
29,5,3.240,5.213,3.710
29,6,8.480,13.644,10.740
29,7,9.380,15.092,10.810
29,8,7.330,11.794,9.420
29,9,7.900,12.711,9.280
29,10,3.630,5.841,4.140
29,11,5.760,9.268,8.460
29,12,5.820,9.364,9.220
29,13,8.510,13.693,11.850
29,14,7.740,12.454,11.270
29,15,8.340,13.419,10.470
29,16,7.740,12.454,11.870
29,17,9.820,15.800,12.900
29,18,8.480,13.644,11.360
29,19,9.000,14.481,12.710
29,20,9.500,15.285,13.230
29,21,10.390,16.718,13.140
29,22,8.730,14.047,11.300
29,23,2.770,4.457,3.260
29,24,2.440,3.926,3.460
29,25,5.720,9.203,7.370
29,26,6.550,10.539,9.080
29,27,7.610,12.244,11.250
29,28,10.520,16.927,15.130
29,30,4.550,7.321,6.120
29,31,5.330,8.576,7.780
29,32,3.930,6.323,5.750
29,33,4.670,7.514,6.010
29,34,5.480,8.817,7.070
29,35,5.900,9.493,7.460
29,36,8.270,13.306,10.260
29,37,7.860,12.647,9.820
29,38,3.960,6.372,4.960
29,39,4.530,7.289,4.850
29,40,3.630,5.841,5.320
29,41,5.650,9.091,6.640
29,42,6.090,9.799,9.020
29,43,6.710,10.796,8.360
29,44,5.340,8.592,7.790
30,1,12.340,19.855,14.070
30,2,8.560,13.773,10.390
30,3,9.450,15.205,9.170
30,4,10.700,17.216,9.300
30,5,4.390,7.064,5.220
30,6,9.120,14.674,8.280
30,7,8.920,14.352,7.770
30,8,10.480,16.862,9.140
30,9,4.140,6.661,3.930
30,10,4.780,7.691,5.650
30,11,5.840,9.397,5.300
30,12,6.870,11.054,7.470
30,13,8.590,13.821,8.690
30,14,6.820,10.973,7.670
30,15,4.580,7.369,5.120
30,16,6.820,10.973,8.270
30,17,6.060,9.751,7.550
30,18,8.560,13.773,8.200
30,19,9.080,14.610,9.550
30,20,9.580,15.414,10.070
30,21,6.630,10.668,7.790
30,22,8.770,14.111,8.430
30,23,2.090,3.363,3.010
30,24,3.780,6.082,6.000
30,25,1.350,2.172,2.630
30,26,6.630,10.668,5.920
30,27,4.730,7.611,6.030
30,28,8.620,13.870,10.400
30,29,4.480,7.208,6.430
30,31,6.380,10.265,6.030
30,32,3.120,5.020,4.680
30,33,2.870,4.618,4.070
30,34,1.720,2.767,1.720
30,35,2.140,3.443,2.110
30,36,8.310,13.371,7.390
30,37,7.900,12.711,6.950
30,38,6.210,9.992,7.680
30,39,5.680,9.139,6.360
30,40,3.130,5.036,4.780
30,41,5.130,8.254,7.600
30,42,3.280,5.278,4.640
30,43,2.950,4.747,3.010
30,44,6.390,10.282,6.040
31,1,8.330,13.403,10.950
31,2,5.930,9.541,8.380
31,3,5.440,8.753,6.050
31,4,6.690,10.764,6.180
31,5,2.790,4.489,4.060
31,6,5.110,8.222,5.160
31,7,4.910,7.900,4.650
31,8,6.470,10.410,6.020
31,9,3.910,6.291,3.850
31,10,2.860,4.602,4.240
31,11,1.830,2.944,2.180
31,12,1.890,3.041,2.940
31,13,4.580,7.369,5.570
31,14,3.810,6.130,4.990
31,15,4.380,7.047,5.420
31,16,3.810,6.130,5.590
31,17,5.850,9.413,7.820
31,18,4.550,7.321,5.080
31,19,5.070,8.158,6.430
31,20,5.570,8.962,6.950
31,21,6.420,10.330,8.060
31,22,4.760,7.659,5.310
31,23,4.080,6.565,5.850
31,24,4.680,7.530,7.210
31,25,6.030,9.702,6.200
31,26,2.620,4.216,2.800
31,27,3.730,6.002,5.020
31,28,6.590,10.603,8.850
31,29,5.380,8.656,7.640
31,30,6.830,10.989,6.480
31,32,3.020,4.859,4.410
31,33,3.770,6.066,5.040
31,34,7.030,11.311,6.810
31,35,7.450,11.987,7.200
31,36,4.300,6.919,4.270
31,37,3.890,6.259,3.830
31,38,6.190,9.960,9.180
31,39,6.640,10.684,8.410
31,40,2.720,4.376,3.980
31,41,4.950,7.965,7.210
31,42,3.160,5.084,5.210
31,43,3.760,6.050,5.470
31,44,1.410,2.269,1.510
32,1,9.970,16.042,13.890
32,2,7.570,12.180,11.320
32,3,7.080,11.392,8.990
32,4,4.940,7.948,7.230
32,5,1.410,2.269,2.060
32,6,6.750,10.861,8.100
32,7,6.550,10.539,7.590
32,8,5.020,8.077,7.480
32,9,4.530,7.289,5.410
32,10,1.480,2.381,2.240
32,11,3.470,5.583,5.120
32,12,3.530,5.680,5.880
32,13,6.220,10.008,8.510
32,14,5.450,8.769,7.930
32,15,4.970,7.997,6.600
32,16,5.450,8.769,8.530
32,17,6.450,10.378,9.030
32,18,6.190,9.960,8.020
32,19,6.710,10.796,9.370
32,20,7.210,11.601,9.890
32,21,7.020,11.295,9.270
32,22,6.400,10.298,8.250
32,23,1.690,2.719,2.680
32,24,3.300,5.310,5.210
32,25,2.390,3.846,3.140
32,26,4.260,6.854,5.740
32,27,4.280,6.887,7.020
32,28,7.160,11.520,10.930
32,29,4.000,6.436,5.640
32,30,3.220,5.181,4.520
32,31,3.040,4.891,4.440
32,33,1.340,2.156,1.780
32,34,3.370,5.422,4.320
32,35,3.790,6.098,4.710
32,36,5.940,9.557,7.210
32,37,5.530,8.898,6.770
32,38,4.810,7.739,7.180
32,39,5.260,8.463,6.410
32,40,0.670,1.078,0.860
32,41,3.570,5.744,5.210
32,42,2.760,4.441,4.790
32,43,3.340,5.374,4.460
32,44,3.050,4.907,4.450
33,1,10.640,17.120,14.000
33,2,7.310,11.762,10.990
33,3,7.750,12.470,9.100
33,4,5.760,9.268,8.270
33,5,2.120,3.411,3.130
33,6,7.420,11.939,8.210
33,7,7.220,11.617,7.700
33,8,5.720,9.203,8.120
33,9,4.290,6.903,4.810
33,10,2.190,3.524,3.310
33,11,4.140,6.661,5.230
33,12,4.230,6.806,6.520
33,13,6.890,11.086,8.620
33,14,5.120,8.238,7.600
33,15,4.730,7.611,6.000
33,16,5.120,8.238,8.200
33,17,6.210,9.992,8.430
33,18,6.860,11.038,8.130
33,19,7.380,11.874,9.480
33,20,7.880,12.679,10.000
33,21,6.780,10.909,8.670
33,22,7.070,11.376,8.360
33,23,2.340,3.765,3.150
33,24,4.030,6.484,6.080
33,25,2.150,3.459,2.540
33,26,4.930,7.932,5.850
33,27,4.040,6.500,6.420
33,28,6.920,11.134,10.330
33,29,4.730,7.611,6.510
33,30,2.980,4.795,3.920
33,31,3.740,6.018,5.080
33,32,1.370,2.204,1.830
33,34,3.130,5.036,3.720
33,35,3.550,5.712,4.110
33,36,6.610,10.635,7.320
33,37,6.200,9.976,6.880
33,38,6.460,10.394,7.820
33,39,5.930,9.541,6.500
33,40,1.380,2.220,1.930
33,41,4.390,7.064,6.250
33,42,2.520,4.055,4.190
33,43,3.100,4.988,3.860
33,44,3.750,6.034,5.090
34,1,11.660,18.761,13.470
34,2,7.880,12.679,9.790
34,3,8.770,14.111,8.570
34,4,10.020,16.122,8.700
34,5,4.200,6.758,5.540
34,6,8.440,13.580,7.680
34,7,8.240,13.258,7.170
34,8,9.800,15.768,8.540
34,9,3.460,5.567,3.330
34,10,4.270,6.870,5.720
34,11,5.160,8.302,4.700
34,12,6.190,9.960,6.870
34,13,7.910,12.727,8.090
34,14,6.140,9.879,7.070
34,15,3.900,6.275,4.520
34,16,6.140,9.879,7.670
34,17,5.380,8.656,6.950
34,18,7.880,12.679,7.600
34,19,8.400,13.516,8.950
34,20,8.900,14.320,9.470
34,21,5.950,9.574,7.190
34,22,8.090,13.017,7.830
34,23,4.650,7.482,5.720
34,24,6.340,10.201,8.650
34,25,2.290,3.685,2.730
34,26,5.950,9.574,5.320
34,27,4.050,6.516,5.430
34,28,7.940,12.775,9.800
34,29,7.040,11.327,9.080
34,30,3.090,4.972,3.010
34,31,5.700,9.171,5.430
34,32,3.420,5.503,4.450
34,33,3.150,5.068,3.800
34,35,1.460,2.349,1.510
34,36,7.630,12.277,6.790
34,37,7.220,11.617,6.350
34,38,8.770,14.111,10.390
34,39,8.240,13.258,9.070
34,40,3.430,5.519,4.550
34,41,6.360,10.233,8.690
34,42,2.600,4.183,4.040
34,43,2.270,3.652,2.410
34,44,5.710,9.187,5.440
35,1,11.220,18.053,13.060
35,2,7.440,11.971,9.380
35,3,8.330,13.403,8.160
35,4,9.580,15.414,8.290
35,5,6.000,9.654,7.250
35,6,8.000,12.872,7.270
35,7,7.800,12.550,6.760
35,8,9.360,15.060,8.130
35,9,3.020,4.859,2.920
35,10,6.070,9.767,7.430
35,11,4.720,7.594,4.290
35,12,5.750,9.252,6.460
35,13,7.470,12.019,7.680
35,14,5.700,9.171,6.660
35,15,3.460,5.567,4.110
35,16,5.700,9.171,7.260
35,17,4.940,7.948,6.540
35,18,7.440,11.971,7.190
35,19,7.960,12.808,8.540
35,20,8.460,13.612,9.060
35,21,5.510,8.866,6.780
35,22,7.650,12.309,7.420
35,23,6.210,9.992,7.150
35,24,7.900,12.711,10.080
35,25,3.850,6.195,4.160
35,26,5.510,8.866,4.910
35,27,3.610,5.808,5.020
35,28,7.500,12.067,9.390
35,29,8.600,13.837,10.510
35,30,4.650,7.482,4.440
35,31,5.260,8.463,5.020
35,32,5.220,8.399,6.160
35,33,4.950,7.965,5.510
35,34,4.850,7.804,4.770
35,36,7.190,11.569,6.380
35,37,6.780,10.909,5.940
35,38,10.330,16.621,11.820
35,39,9.800,15.768,10.500
35,40,5.230,8.415,6.260
35,41,9.310,14.980,9.760
35,42,3.170,5.101,4.530
35,43,2.800,4.505,3.230
35,44,5.270,8.479,5.030
36,1,8.150,13.113,10.550
36,2,7.220,11.617,9.150
36,3,6.750,10.861,6.840
36,4,6.630,10.668,5.980
36,5,4.620,7.434,6.020
36,6,5.050,8.125,4.960
36,7,4.850,7.804,4.450
36,8,6.410,10.314,5.820
36,9,5.200,8.367,4.620
36,10,4.270,6.870,5.530
36,11,3.120,5.020,2.950
36,12,3.310,5.326,4.440
36,13,4.400,7.080,5.170
36,14,5.100,8.206,5.760
36,15,5.670,9.123,6.190
36,16,5.100,8.206,6.360
36,17,7.140,11.488,8.590
36,18,5.850,9.413,5.880
36,19,4.890,7.868,6.030
36,20,5.390,8.673,6.550
36,21,7.710,12.405,8.830
36,22,4.700,7.562,5.110
36,23,6.510,10.475,8.290
36,24,7.110,11.440,9.650
36,25,7.320,11.778,6.970
36,26,3.910,6.291,3.570
36,27,5.020,8.077,5.790
36,28,7.880,12.679,9.620
36,29,7.810,12.566,10.080
36,30,8.120,13.065,7.250
36,31,3.830,6.162,3.940
36,32,5.450,8.769,6.850
36,33,6.150,9.895,6.960
36,34,8.320,13.387,7.580
36,35,8.740,14.063,7.970
36,37,1.170,1.883,1.260
36,38,7.050,11.343,9.910
36,39,7.580,12.196,9.100
36,40,5.150,8.286,6.420
36,41,6.360,10.233,7.450
36,42,5.590,8.994,6.870
36,43,7.300,11.746,6.650
36,44,3.840,6.179,3.950
37,1,7.740,12.454,10.110
37,2,6.810,10.957,8.710
37,3,6.340,10.201,6.400
37,4,6.220,10.008,5.540
37,5,4.210,6.774,5.580
37,6,4.640,7.466,4.520
37,7,4.440,7.144,4.010
37,8,6.000,9.654,5.380
37,9,4.790,7.707,4.180
37,10,3.860,6.211,5.090
37,11,2.710,4.360,2.510
37,12,2.900,4.666,4.000
37,13,3.990,6.420,4.730
37,14,4.690,7.546,5.320
37,15,5.260,8.463,5.750
37,16,4.690,7.546,5.920
37,17,6.730,10.829,8.150
37,18,5.440,8.753,5.440
37,19,4.480,7.208,5.590
37,20,4.980,8.013,6.110
37,21,7.300,11.746,8.390
37,22,4.290,6.903,4.670
37,23,6.100,9.815,7.850
37,24,6.700,10.780,9.210
37,25,6.910,11.118,6.530
37,26,3.500,5.631,3.130
37,27,4.610,7.417,5.350
37,28,7.470,12.019,9.180
37,29,7.400,11.907,9.640
37,30,7.710,12.405,6.810
37,31,3.420,5.503,3.500
37,32,5.040,8.109,6.410
37,33,5.740,9.236,6.520
37,34,7.910,12.727,7.140
37,35,8.330,13.403,7.530
37,36,1.170,1.883,1.260
37,38,6.640,10.684,9.470
37,39,7.170,11.537,8.660
37,40,4.740,7.627,5.980
37,41,5.950,9.574,7.010
37,42,5.180,8.335,6.430
37,43,6.890,11.086,6.210
37,44,3.430,5.519,3.510
38,1,11.570,18.616,17.040
38,2,10.640,17.120,15.640
38,3,10.170,16.364,13.330
38,4,4.720,7.594,6.170
38,5,4.730,7.611,5.130
38,6,6.750,10.861,9.110
38,7,7.650,12.309,9.180
38,8,5.600,9.010,7.790
38,9,9.110,14.658,10.850
38,10,3.450,5.551,5.200
38,11,6.540,10.523,9.440
38,12,5.670,9.123,9.210
38,13,7.820,12.582,11.660
38,14,8.520,13.709,12.250
38,15,9.550,15.366,12.040
38,16,8.520,13.709,12.850
38,17,11.030,17.747,14.470
38,18,9.270,14.915,12.370
38,19,8.310,13.371,12.520
38,20,8.810,14.175,13.040
38,21,11.600,18.664,14.710
38,22,7.000,11.263,9.670
38,23,4.150,6.677,5.050
38,24,3.220,5.181,4.520
38,25,6.930,11.150,8.940
38,26,7.330,11.794,10.060
38,27,8.440,13.580,12.280
38,28,11.300,18.182,16.110
38,29,3.980,6.404,4.990
38,30,5.760,9.268,7.690
38,31,6.030,9.702,9.260
38,32,4.630,7.450,7.230
38,33,5.880,9.461,7.580
38,34,6.690,10.764,8.640
38,35,7.110,11.440,9.030
38,36,6.540,10.523,8.630
38,37,6.130,9.863,8.190
38,39,2.800,4.505,3.220
38,40,4.330,6.967,6.800
38,41,3.920,6.307,5.010
38,42,7.300,11.746,10.590
38,43,7.920,12.743,9.930
38,44,6.040,9.718,9.270
39,1,11.440,18.407,15.790
39,2,10.990,17.683,14.540
39,3,10.520,16.927,12.230
39,4,3.530,5.680,4.630
39,5,3.540,5.696,3.590
39,6,5.560,8.946,7.570
39,7,6.460,10.394,7.640
39,8,4.410,7.096,6.250
39,9,9.110,14.658,9.900
39,10,3.930,6.323,4.010
39,11,6.890,11.086,8.340
39,12,4.960,7.981,8.660
39,13,7.690,12.373,10.410
39,14,8.870,14.272,11.150
39,15,9.550,15.366,11.090
39,16,8.870,14.272,11.750
39,17,11.030,17.747,13.520
39,18,9.620,15.479,11.270
39,19,7.330,11.794,11.120
39,20,8.680,13.966,11.790
39,21,11.600,18.664,13.760
39,22,5.810,9.348,8.130
39,23,4.150,6.677,4.100
39,24,3.830,6.162,4.330
39,25,6.930,11.150,7.990
39,26,7.680,12.357,8.960
39,27,8.790,14.143,11.180
39,28,11.650,18.745,15.010
39,29,4.530,7.289,4.760
39,30,5.760,9.268,6.740
39,31,6.490,10.442,8.320
39,32,5.090,8.190,6.290
39,33,5.880,9.461,6.630
39,34,6.690,10.764,7.690
39,35,7.110,11.440,8.080
39,36,5.350,8.608,7.090
39,37,4.940,7.948,6.650
39,38,2.780,4.473,3.510
39,40,4.790,7.707,5.860
39,41,2.030,3.266,3.350
39,42,7.300,11.746,9.640
39,43,7.920,12.743,8.980
39,44,6.500,10.458,8.330
40,1,9.640,15.511,13.450
40,2,7.240,11.649,10.880
40,3,6.750,10.861,8.550
40,4,4.610,7.417,6.790
40,5,1.080,1.738,1.620
40,6,6.420,10.330,7.660
40,7,6.220,10.008,7.150
40,8,4.690,7.546,7.040
40,9,4.530,7.289,5.520
40,10,1.150,1.850,1.800
40,11,3.140,5.052,4.680
40,12,3.200,5.149,5.440
40,13,5.890,9.477,8.070
40,14,5.120,8.238,7.490
40,15,4.970,7.997,6.710
40,16,5.120,8.238,8.090
40,17,6.450,10.378,9.140
40,18,5.860,9.429,7.580
40,19,6.380,10.265,8.930
40,20,6.880,11.070,9.450
40,21,7.020,11.295,9.380
40,22,6.070,9.767,7.810
40,23,1.690,2.719,2.790
40,24,2.970,4.779,4.770
40,25,2.390,3.846,3.250
40,26,3.930,6.323,5.300
40,27,4.280,6.887,7.130
40,28,7.160,11.520,11.040
40,29,3.670,5.905,5.200
40,30,3.220,5.181,4.630
40,31,2.710,4.360,4.000
40,32,0.620,0.998,0.790
40,33,1.340,2.156,1.890
40,34,3.370,5.422,4.430
40,35,3.790,6.098,4.820
40,36,5.610,9.026,6.770
40,37,5.200,8.367,6.330
40,38,4.480,7.208,6.740
40,39,4.930,7.932,5.970
40,41,3.240,5.213,4.770
40,42,2.760,4.441,4.900
40,43,3.340,5.374,4.570
40,44,2.720,4.376,4.010
41,1,10.380,16.701,14.360
41,2,9.930,15.977,13.110
41,3,9.460,15.221,10.800
41,4,2.470,3.974,3.200
41,5,2.620,4.216,3.630
41,6,4.500,7.240,6.140
41,7,5.400,8.689,6.210
41,8,3.350,5.390,4.820
41,9,7.910,12.727,8.580
41,10,2.270,3.652,3.140
41,11,5.830,9.380,6.910
41,12,4.490,7.224,7.150
41,13,6.630,10.668,8.980
41,14,7.810,12.566,9.720
41,15,8.380,13.483,10.150
41,16,7.810,12.566,10.320
41,17,9.850,15.849,12.550
41,18,8.560,13.773,9.840
41,19,6.270,10.088,9.690
41,20,7.620,12.261,10.360
41,21,10.420,16.766,12.790
41,22,4.750,7.643,6.700
41,23,3.670,5.905,5.200
41,24,4.890,7.868,6.020
41,25,5.410,8.705,7.560
41,26,6.620,10.652,7.530
41,27,7.730,12.438,9.750
41,28,10.590,17.039,13.580
41,29,5.590,8.994,6.450
41,30,5.240,8.431,7.810
41,31,4.950,7.965,7.270
41,32,3.550,5.712,5.240
41,33,4.360,7.015,6.200
41,34,5.170,8.319,7.260
41,35,5.590,8.994,7.650
41,36,4.290,6.903,5.660
41,37,3.880,6.243,5.220
41,38,3.840,6.179,5.200
41,39,2.070,3.331,3.430
41,40,3.250,5.229,4.810
41,42,5.760,9.268,9.100
41,43,6.400,10.298,8.550
41,44,4.960,7.981,7.280
42,1,10.060,16.187,13.910
42,2,7.200,11.585,10.530
42,3,7.170,11.537,9.010
42,4,8.420,13.548,9.140
42,5,3.570,5.744,5.930
42,6,6.840,11.006,8.120
42,7,6.640,10.684,7.610
42,8,8.200,13.194,8.980
42,9,3.760,6.050,5.060
42,10,3.640,5.857,6.110
42,11,3.560,5.728,5.140
42,12,3.650,5.873,6.650
42,13,6.310,10.153,8.530
42,14,4.540,7.305,7.510
42,15,3.220,5.181,5.260
42,16,4.540,7.305,8.110
42,17,4.700,7.562,7.690
42,18,6.280,10.105,8.040
42,19,6.800,10.941,9.390
42,20,7.300,11.746,9.910
42,21,5.270,8.479,7.930
42,22,6.490,10.442,8.270
42,23,3.760,6.050,6.160
42,24,5.460,8.785,9.080
42,25,2.590,4.167,4.430
42,26,4.350,6.999,5.760
42,27,3.370,5.422,6.170
42,28,6.340,10.201,10.240
42,29,6.160,9.911,9.510
42,30,3.390,5.455,4.710
42,31,3.160,5.084,5.210
42,32,2.790,4.489,4.840
42,33,2.520,4.055,4.190
42,34,3.590,5.776,5.040
42,35,4.010,6.452,5.430
42,36,6.030,9.702,7.230
42,37,5.620,9.043,6.790
42,38,7.880,12.679,10.830
42,39,7.350,11.826,9.510
42,40,2.800,4.505,4.940
42,41,5.730,9.220,9.080
42,43,2.570,4.135,4.110
42,44,3.170,5.101,5.220
43,1,10.660,17.152,14.170
43,2,6.830,10.989,9.230
43,3,7.770,12.502,9.270
43,4,9.020,14.513,9.400
43,5,5.160,8.302,6.740
43,6,7.440,11.971,8.380
43,7,7.240,11.649,7.870
43,8,8.800,14.159,9.240
43,9,4.420,7.112,4.560
43,10,5.230,8.415,6.920
43,11,4.160,6.693,5.400
43,12,4.250,6.838,6.910
43,13,6.910,11.118,8.790
43,14,5.080,8.174,7.650
43,15,2.850,4.586,3.960
43,16,5.080,8.174,8.250
43,17,4.330,6.967,6.390
43,18,6.880,11.070,8.300
43,19,7.400,11.907,9.650
43,20,7.900,12.711,10.170
43,21,4.900,7.884,6.630
43,22,7.090,11.408,8.530
43,23,5.370,8.640,6.640
43,24,7.060,11.360,9.570
43,25,3.010,4.843,3.650
43,26,4.950,7.965,6.020
43,27,3.000,4.827,4.870
43,28,6.840,11.006,9.520
43,29,7.760,12.486,10.000
43,30,3.810,6.130,3.930
43,31,3.760,6.050,5.470
43,32,4.380,7.047,5.650
43,33,4.110,6.613,5.000
43,34,4.010,6.452,4.260
43,35,4.430,7.128,4.650
43,36,6.630,10.668,7.490
43,37,6.220,10.008,7.050
43,38,9.490,15.269,11.310
43,39,8.960,14.417,9.990
43,40,4.390,7.064,5.750
43,41,7.420,11.939,9.740
43,42,2.560,4.119,4.380
43,44,3.770,6.066,5.480
44,1,8.340,13.419,10.960
44,2,5.940,9.557,8.390
44,3,5.450,8.769,6.060
44,4,6.700,10.780,6.190
44,5,2.800,4.505,4.070
44,6,5.120,8.238,5.170
44,7,4.920,7.916,4.660
44,8,6.480,10.426,6.030
44,9,3.920,6.307,3.860
44,10,2.870,4.618,4.250
44,11,1.840,2.961,2.190
44,12,1.900,3.057,2.950
44,13,4.590,7.385,5.580
44,14,3.820,6.146,5.000
44,15,4.390,7.064,5.430
44,16,3.820,6.146,5.600
44,17,5.860,9.429,7.830
44,18,4.560,7.337,5.090
44,19,5.080,8.174,6.440
44,20,5.580,8.978,6.960
44,21,6.430,10.346,8.070
44,22,4.770,7.675,5.320
44,23,4.090,6.581,5.860
44,24,4.690,7.546,7.220
44,25,6.040,9.718,6.210
44,26,2.630,4.232,2.810
44,27,3.740,6.018,5.030
44,28,6.600,10.619,8.860
44,29,5.390,8.673,7.650
44,30,6.840,11.006,6.490
44,31,1.410,2.269,1.510
44,32,3.030,4.875,4.420
44,33,3.780,6.082,5.050
44,34,7.040,11.327,6.820
44,35,7.460,12.003,7.210
44,36,4.310,6.935,4.280
44,37,3.900,6.275,3.840
44,38,6.200,9.976,9.190
44,39,6.650,10.700,8.420
44,40,2.730,4.393,3.990
44,41,4.960,7.981,7.220
44,42,3.170,5.101,5.220
44,43,3.770,6.066,5.480
